{"Pos":{"x":-4.840000152587891,"y":0.0,"z":0.07999999821186066},"GameScore":1900,"CollectItemNumber":648,"CollectItemNow":[0,0,0],"ScoreOver":false,"nowStage":71,"StageClear":false}
